title,artist,difficulty_level
Magnetic,아일릿(ILLIT),3.303030303030303
CRAZY,LE SSERAFIM (르세라핌) ,3.1818181818181817
Going Up,키 (KEY) ,3.1666666666666665
i wonder... (with 정국 of 방탄소년단),j-hope,3.125
Spicy,aespa,3.096774193548387
Horizon,태민 (TAEMIN),3.0923076923076924
I Know,키 (KEY) ,2.925
MAESTRO,세븐틴 (SEVENTEEN) ,2.8857142857142857
LOVE ATTACK,RESCENE (리센느),2.8333333333333335
Electric Shock,강다니엘,2.8214285714285716
Attention,NewJeans,2.8181818181818183
NEURON (with Gaeko & 윤미래),j-hope,2.75
LOVE DIVE ,IVE (아이브),2.746268656716418
으르렁 (Growl),EXO,2.745614035087719
Supernova,aespa,2.7241379310344827
Chk Chk Boom,Stray Kids (스트레이 키즈),2.702127659574468
HER,블락비 (Block B) ,2.682926829268293
Pink Venom,BLACKPINK,2.675
Armageddon,aespa,2.673076923076923
Love Me Like This,NMIXX,2.6666666666666665
Midas Touch,KISS OF LIFE,2.658536585365854
Thirsty,aespa,2.6315789473684212
녹아내려요 ,DAY6 (데이식스) ,2.611940298507463
바라봐줘요,죠지,2.607843137254902
SOLO,제니 (JENNIE),2.577777777777778
매력 (beat drum),온유 (ONEW),2.5774647887323945
Savage,aespa,2.5443037974683542
MANIAC,VIVIZ (비비지),2.5245901639344264
괴물,DAY6 (데이식스) ,2.5081967213114753
삐그덕 (Walk),NCT 127,2.507936507936508
러시안 룰렛 (Russian Roulette),Red Velvet (레드벨벳),2.5
Sexy In The Air,태민 (TAEMIN),2.5
Epiphany,방탄소년단,2.5
Live My Life,aespa,2.492063492063492
Next Level,aespa,2.4886363636363638
Blueming,아이유,2.4857142857142858
클락션 (Klaxon),(여자)아이들,2.4782608695652173
Pleasure Shop,키 (KEY) ,2.4603174603174605
벚꽃 엔딩,버스커 버스커,2.449438202247191
겁도 없이 (feat. BIG Naughty (서동현)),B.I,2.446969696969697
Supersonic,프로미스나인,2.4444444444444446
해야 (HEYA),IVE (아이브),2.4329896907216493
SOS,FIFTY FIFTY,2.4318181818181817
삐삐,아이유,2.4078947368421053
바람기억,나얼,2.4057971014492754
What 2 Do,DEAN,2.3934426229508197
Sticky,KISS OF LIFE,2.388888888888889
Golden,키 (KEY) ,2.3867924528301887
Celebrity,아이유,2.3797468354430378
DASH,NMIXX,2.3773584905660377
Watch Me Woo!,PLAVE,2.375
별의 하모니,QWER,2.3711340206185567
Combo,RIIZE,2.3636363636363638
Black (Feat. 제니 (JENNIE) of BLACKPINK),G-DRAGON,2.356521739130435
Smart,LE SSERAFIM (르세라핌) ,2.3484848484848486
사랑으로,wave to earth,2.347826086956522
가짜 아이돌,QWER,2.3461538461538463
FOREVER,BABYMONSTER,2.3333333333333335
우주를 줄게,볼빨간사춘기,2.3333333333333335
걘 아니야,지코 (ZICO) ,2.3333333333333335
내일에서 기다릴게 (I'll See You There Tomorrow),투모로우바이투게더,2.3333333333333335
Steady,NCT WISH,2.324324324324324
Deja Vu,투모로우바이투게더,2.3220338983050848
Nice Guy,BOYNEXTDOOR,2.3214285714285716
슬픈 초대장,순순희(지환),2.3125
Blue,BIGBANG (빅뱅),2.3076923076923075
Welcome to the Show,DAY6 (데이식스) ,2.3076923076923075
Sugarcoat (NATTY Solo),KISS OF LIFE,2.3026315789473686
기다릴게,PLAVE,2.3
Talk Saxy,RIIZE,2.293103448275862
Drowning,WOODZ,2.292682926829268
SPOT!,지코 (ZICO) ,2.2916666666666665
그녀가 웃었다,DAY6 (데이식스) ,2.2903225806451615
Shoot Me,DAY6 (데이식스) ,2.288135593220339
Rebirth (Intro),지민,2.2857142857142856
BATTER UP,BABYMONSTER,2.280701754385965
너를 위해,임재범,2.2758620689655173
Blue Moon,엔플라잉 (N.Flying) ,2.272727272727273
사건의 지평선,윤하 (YOUNHA) ,2.267857142857143
When I'm With You,NCT DREAM,2.2666666666666666
Pineapple Slice,백현 (BAEKHYUN),2.2641509433962264
Dunk Shot,NCT WISH,2.2625
Feel My Rhythm,Red Velvet (레드벨벳),2.260869565217391
소녀,오혁,2.260869565217391
옥탑방 (Rooftop),엔플라잉 (N.Flying) ,2.2596153846153846
Overthink,키 (KEY) ,2.2580645161290325
Fantastic Baby,BIGBANG (빅뱅),2.2528735632183907
I Just Love Ya,PLAVE,2.2452830188679247
어디에도,엠씨더맥스 (M.C the MAX),2.2444444444444445
갖고놀래 (Feat. 다이나믹 듀오),범키 ,2.2444444444444445
Impossible,RIIZE,2.242424242424242
시작,가호 (Gaho),2.2419354838709675
The Astronaut,진,2.2413793103448274
첫눈처럼 너에게 가겠다,AILEE,2.2388059701492535
보통연애 (Feat. 박보람),박경,2.23841059602649
You(=I),볼빨간사춘기,2.2280701754385963
소녀,이문세,2.227272727272727
Yours,진,2.2195121951219514
미안해 미워해 사랑해,Crush,2.2181818181818183
Midnight Fiction,아일릿(ILLIT),2.2142857142857144
Slow Dance (feat. Sofia Carson),지민,2.2142857142857144
Psycho,Red Velvet (레드벨벳),2.2134831460674156
FEARLESS,LE SSERAFIM (르세라핌) ,2.2131147540983607
사랑을 했다 (LOVE SCENARIO),iKON,2.208791208791209
반딧불 (Little Light),도영 (DOYOUNG),2.202127659574468
SHEESH,BABYMONSTER,2.2
"Earth, Wind & Fire",BOYNEXTDOOR,2.2
Bad Boy,Red Velvet (레드벨벳),2.2
Accendio,IVE (아이브),2.1971830985915495
GGUM,연준,2.196969696969697
UNFORGIVEN (feat. Nile Rodgers),LE SSERAFIM (르세라핌) ,2.1951219512195124
한숨,이하이 ,2.1927710843373496
여섯 번째 여름,PLAVE,2.1926605504587156
취기를 빌려 (취향저격 그녀 X 산들),산들,2.1911764705882355
LOSER,BIGBANG (빅뱅),2.19
ERROR 405,JD1,2.185185185185185
뱅뱅뱅 (BANG BANG BANG),BIGBANG (빅뱅),2.18348623853211
불장난,BLACKPINK,2.1733333333333333
가시,버즈,2.1724137931034484
난춘 (亂春),새소년,2.169491525423729
삐딱하게 (Crooked),G-DRAGON,2.1666666666666665
21,DEAN,2.164383561643836
나무,카더가든,2.161290322580645
Drama,aespa,2.1594202898550723
Sour Grapes,LE SSERAFIM (르세라핌) ,2.1566265060240966
"모든 날, 모든 순간 (Every day, Every Moment)",폴킴 ,2.15625
휘파람,BLACKPINK,2.1515151515151514
후라이의 꿈,AKMU (악뮤) ,2.142857142857143
DM,프로미스나인,2.139784946236559
Polaroid Love,엔하이픈 (ENHYPEN),2.1372549019607843
Guilty,태민 (TAEMIN),2.1358024691358026
작은 것들을 위한 시 (Boy With Luv) (feat. Halsey),방탄소년단,2.1333333333333333
Girls Never Die,tripleS (트리플에스),2.1323529411764706
하루 하루,BIGBANG (빅뱅),2.1307692307692307
결국 (Feat. 로제 of BLACKPINK),G-DRAGON,2.121495327102804
ANTIFRAGILE,LE SSERAFIM (르세라핌) ,2.121212121212121
Shut Down,BLACKPINK,2.1176470588235294
퀸카,(여자)아이들,2.111111111111111
나의 X에게,경서,2.1095890410958904
Rendez-Vous,백현 (BAEKHYUN),2.1095890410958904
나는 아픈 건 딱 질색이니까,(여자)아이들,2.108910891089109
"이브, 프시케 그리고 푸른 수염의 아내",LE SSERAFIM (르세라핌) ,2.108695652173913
밤 끝없는 밤,AKMU (악뮤) ,2.1076923076923078
who Am I,JD1,2.0972222222222223
오늘도 빛나는 너에게 (To You My Light),마크툽 (MAKTUB) ,2.0961538461538463
I Don't Care,2NE1,2.0927835051546393
봄 내음보다 너를,김나영,2.090909090909091
Awake,방탄소년단,2.090909090909091
사랑이라 믿었던 것들은 (Feat. 이수현),BIG Naughty (서동현),2.0892857142857144
라일락,아이유,2.088235294117647
에잇(Prod.&Feat. SUGA of BTS),아이유,2.088235294117647
Serenade,BOYNEXTDOOR,2.081967213114754
Antifreeze,검정치마,2.0816326530612246
Love wins all,아이유,2.0754716981132075
Antifreeze,백예린 (Yerin Baek),2.073394495412844
XO (Only If You Say Yes),엔하이픈 (ENHYPEN),2.073170731707317
I Like That,JD1,2.072463768115942
Gravity,FIFTY FIFTY,2.0714285714285716
200%,AKMU (악뮤) ,2.07
3분까진 필요 없어 (3 Minutes),NCT WISH,2.0672268907563027
Songbird (Korean Ver.),NCT WISH,2.066666666666667
Love 119,RIIZE,2.0625
Discord,QWER,2.0609756097560976
Lovesick Girls,BLACKPINK,2.0597014925373136
Supernatural,NewJeans,2.0555555555555554
Pixel world,PLAVE,2.0555555555555554
너의 모든 순간 (Every Moment of You),성시경,2.0545454545454547
Beautiful,Crush,2.05
WAY 4 LUV,PLAVE,2.05
나에게로 떠나는 여행,버즈,2.0491803278688523
왜요 왜요 왜?,PLAVE,2.0476190476190474
#menow,프로미스나인,2.046875
Pierrot,LE SSERAFIM (르세라핌) ,2.0454545454545454
Boat,죠지,2.0434782608695654
별 떨어진다 (I Do),도경수(D.O.),2.043010752688172
Bye bye my blue,백예린 (Yerin Baek),2.0416666666666665
"잘 지내자, 우리 (여름날 우리 X 로이킴)",로이킴,2.038961038961039
MEOW,MEOVV (미야오),2.0344827586206895
오늘부터 우리는 (Me Gustas Tu),여자친구 (GFRIEND),2.0319148936170213
거리에서,성시경,2.0294117647058822
So let's go see the stars,BOYNEXTDOOR,2.026315789473684
고민중독,QWER,2.024390243902439
Way Back Home,숀 (SHAUN),2.0232558139534884
"눈, 코, 입",태양,2.0185185185185186
Ling Ling,검정치마,2.0136986301369864
Stay This Way,프로미스나인,2.0128205128205128
ELEVEN,IVE (아이브),2.0120481927710845
Moon,방탄소년단,2.010869565217391
우산 (feat. 윤하),에픽하이 (EPIK HIGH),2.009478672985782
"헤어지지 못하는 여자, 떠나가지 못하는 남자 (feat. 정인 Jung In)",리쌍,2.0059171597633134
I Miss You,소유 (SOYOU),2.0
Bubble Gum,NewJeans,2.0
Be Mine,지민,2.0
내가 저지른 사랑,임창정,2.0
One and Only,BOYNEXTDOOR,2.0
Boom Boom Bass,RIIZE,2.0
Dear. PLLI,PLAVE,2.0
이럴거면 그러지말지,백아연,1.988235294117647
자니 (Feat. Dynamic Duo),프라이머리,1.984375
"? (물음표) (Feat. 최자 Of 다이나믹듀오, Zion.T)",프라이머리,1.981818181818182
V (Peace) (feat. AKMU (악뮤) ),Zion.T,1.9807692307692308
가까운 듯 먼 그대여,카더가든,1.9807692307692308
Merry PLLIstmas,PLAVE,1.9777777777777779
버추얼 아이돌,PLAVE,1.972972972972973
"기다린 만큼, 더",검정치마,1.972972972972973
여행,볼빨간사춘기,1.9705882352941178
Lucky Girl Syndrome,아일릿(ILLIT),1.9705882352941178
Losing Myself,강다니엘,1.96875
한여름밤의 꿀,San E (산이),1.9646017699115044
I AM,IVE (아이브),1.9622641509433962
정이라고 하자 (Feat. 10CM),BIG Naughty (서동현),1.9607843137254901
어른,Sondia,1.96
봄이 와도,로이킴,1.957142857142857
"LOVE, MONEY, FAME (feat. DJ Khaled)",세븐틴 (SEVENTEEN) ,1.9565217391304348
너를 만나,폴킴 ,1.9555555555555555
괜찮아도 괜찮아 (That's okay),도경수(D.O.),1.9548872180451127
부모님 관람불가,BOYNEXTDOOR,1.9523809523809523
봄여름가을겨울 (Still Life),BIGBANG (빅뱅),1.9519230769230769
붉은 노을,BIGBANG (빅뱅),1.9504132231404958
Super Shy,NewJeans,1.95
한 페이지가 될 수 있게,DAY6 (데이식스) ,1.9491525423728813
오르골 (Life Is Still Going On),NCT DREAM,1.9473684210526316
인사,범진,1.9473684210526316
Smeraldo Garden Marching Band (feat. 로꼬),지민,1.9464285714285714
Cosmic,Red Velvet (레드벨벳),1.9452054794520548
산책,백예린 (Yerin Baek),1.9452054794520548
Get A Guitar,RIIZE,1.9444444444444444
썸 (Feat. 릴보이 Of 긱스),소유 (SOYOU),1.9439252336448598
All I Wanna Do (K) (Feat. Hoody & 로꼬),박재범,1.9416666666666667
너의 번호를 누르고 (Prod. 영화처럼),#안녕,1.9397590361445782
은방울,DANIEL,1.9393939393939394
Heartbreaker,G-DRAGON,1.9390243902439024
니가 뭔데 (Who You?),G-DRAGON,1.9384615384615385
가을 안부,먼데이 키즈 (Monday Kiz),1.935483870967742
instagram,DEAN,1.9292035398230087
마지막처럼,BLACKPINK,1.927710843373494
I'm Gonna Love You,도경수(D.O.),1.9264705882352942
"나만, 봄",볼빨간사춘기,1.923913043478261
After LIKE,IVE (아이브),1.9230769230769231
희재,성시경,1.9210526315789473
별별별 (See that?),NMIXX,1.92
EASY,LE SSERAFIM (르세라핌) ,1.9166666666666667
밤하늘의 별을(2020),경서,1.9152542372881356
시간을 달려서 (Rough),여자친구 (GFRIEND),1.9146341463414633
그XX,G-DRAGON,1.9130434782608696
ABCD,나연 (TWICE) ,1.9111111111111112
Eyes on you,세븐틴 (SEVENTEEN) ,1.9107142857142858
이미 슬픈 사랑,야다 (Yada) ,1.9090909090909092
Give Love,AKMU (악뮤) ,1.9081632653061225
나의 사춘기에게,볼빨간사춘기,1.9066666666666667
WE GO,프로미스나인,1.9054054054054055
썸 탈꺼야,볼빨간사춘기,1.9047619047619047
Vancouver 2,BIG Naughty (서동현),1.9012345679012346
사랑..그게 뭔데,지아,1.9
포장마차,황인욱,1.8953488372093024
비도 오고 그래서 (Feat. 신용재),헤이즈 (Heize),1.8942307692307692
천상연,LEECHANGSUB,1.893939393939394
두 사람,성시경,1.89010989010989
Officially Missing You,긱스 (Geeks),1.880952380952381
One Kiss,RIIZE,1.8795180722891567
파이팅 해야지 (Feat. 이영지),부석순 (SEVENTEEN),1.8764044943820224
플러팅,황인욱,1.8764044943820224
Pump Up The Volume!,PLAVE,1.8764044943820224
오랜 날 오랜 밤,AKMU (악뮤) ,1.869047619047619
에라 모르겠다,BIGBANG (빅뱅),1.868421052631579
Like Crazy,지민,1.864864864864865
Abyss,진,1.8636363636363635
From,PLAVE,1.8611111111111112
좋아해.. (바른연애 길잡이 X 죠지),죠지,1.8596491228070176
Memories,RIIZE,1.8571428571428572
광화문에서 (At Gwanghwamun),규현 (KYUHYUN),1.8555555555555556
Push Your Love,FIFTY FIFTY,1.8529411764705883
청춘찬가,세븐틴 (SEVENTEEN) ,1.8494623655913978
DINOSAUR,AKMU (악뮤) ,1.8461538461538463
사랑이란 멜로는 없어,전상근 ,1.8433734939759037
우연히 봄,로꼬,1.8424657534246576
Y (Please Tell Me Why),프리스타일 ,1.8412698412698412
Hola!,온유 (ONEW),1.8404255319148937
"낭만교향곡 (Feat. CHANGMO, 박재범)",BIG Naughty (서동현),1.837037037037037
돌멩이,BOYNEXTDOOR,1.8360655737704918
우리 왜 헤어져야 해,신예영,1.8333333333333333
꽃 길,BIGBANG (빅뱅),1.8270676691729324
사랑인가 봐,멜로망스,1.8269230769230769
행복했던 날들이었다,DAY6 (데이식스) ,1.8266666666666667
소주 한 잔,임창정,1.8253968253968254
내 이름 맑음,QWER,1.8241758241758241
One Love,엠씨더맥스 (M.C the MAX),1.8222222222222222
우리 사랑하지 말아요,BIGBANG (빅뱅),1.8217821782178218
LAST DANCE,BIGBANG (빅뱅),1.8157894736842106
Everytime,첸 (CHEN),1.8153846153846154
취중고백,김민석,1.8142857142857143
거짓말,BIGBANG (빅뱅),1.8130841121495327
Marry Me,마크툽 (MAKTUB) ,1.8125
노래방에서,장범준,1.8125
Ballerino,리쌍,1.8101265822784811
Love me or Leave me,DAY6 (데이식스) ,1.8095238095238095
첫눈,EXO,1.809090909090909
주지마,로꼬,1.8041237113402062
I Loved You,DAY6 (데이식스) ,1.8
너를 위해,첸 (CHEN),1.8
다시 사랑한다면 (니글니글 버터플라이),김필,1.8
사막에서 꽃을 피우듯,우디 (Woody) ,1.8
Cookie,NewJeans,1.793103448275862
선물,멜로망스,1.791044776119403
우리 영화,PLAVE,1.7894736842105263
Mars,도경수(D.O.),1.7878787878787878
내가 S면 넌 나의 N이 되어줘,TWS (투어스),1.7864077669902914
"무제(無題) (Untitled, 2014)",G-DRAGON,1.7837837837837838
오래된 노래,스탠딩 에그,1.7777777777777777
How Sweet,NewJeans,1.7777777777777777
지나오다,닐로(Nilo),1.7752808988764044
Missing You (Feat. Kim Yuna),G-DRAGON,1.7745098039215685
OUR,BOYNEXTDOOR,1.7738095238095237
Congratulations,DAY6 (데이식스) ,1.7737226277372262
빨간 맛 (Red Flavor),Red Velvet (레드벨벳),1.7714285714285714
돌아버리겠다,BOYNEXTDOOR,1.7708333333333333
ALWAYS,윤미래,1.7674418604651163
Home Sweet Home,카더가든,1.7647058823529411
And July,헤이즈 (Heize),1.7606837606837606
너였다면,정승환,1.759493670886076
첫 만남은 계획대로 되지 않아,TWS (투어스),1.7580645161290323
이 밤,진,1.7567567567567568
남자를 몰라,버즈,1.755813953488372
멋지게 인사하는 법 (Hello Tutorial) (Feat. 슬기 (SEULGI) of Red Velvet (레드벨벳)),Zion.T,1.7534246575342465
사랑에 연습이 있었다면 (Prod. 2soo),임재현,1.75
아직 거기 살아 ,DAY6 (데이식스) ,1.75
Candy,NCT DREAM,1.746031746031746
봄날,방탄소년단,1.7456140350877194
심(心),DK(디셈버),1.7450980392156863
Good Parts (when the quality is bad but I am),LE SSERAFIM (르세라핌) ,1.7435897435897436
그리워하다,비투비,1.7415730337078652
ETA,NewJeans,1.7346938775510203
OMG,NewJeans,1.734375
You and I ,2NE1,1.728395061728395
No Make Up,Zion.T,1.7246376811594204
Cool With You,NewJeans,1.7222222222222223
Palette (feat. G-DRAGON),아이유,1.71875
가을 타나 봐,바이브,1.71875
그대라는 시,태연 (TAEYEON),1.7166666666666666
응급실,Izi,1.711111111111111
Vancouver,BIG Naughty (서동현),1.7083333333333333
Say Yes,"로꼬, 펀치(Punch)",1.7053571428571428
아는사람 얘기,San E (산이),1.7050359712230216
놓아 놓아 놓아,DAY6 (데이식스) ,1.7
우주를 건너,백예린 (Yerin Baek),1.6984126984126984
걱정말아요 그대,이적,1.6938775510204083
다정히 내 이름을 부르면,경서예지,1.6929824561403508
흔들리는 꽃들 속에서 네 샴푸향이 느껴진거야,장범준,1.6911764705882353
IF YOU,BIGBANG (빅뱅),1.6883116883116882
비의 랩소디,임재현,1.6875
벌써 일년,브라운 아이즈,1.6862745098039216
나랑 같이 걸을래 (바른연애 길잡이 X 적재),적재,1.6835443037974684
비밀번호 486,윤하 (YOUNHA) ,1.6790123456790123
멈춰줘,헤이즈 (Heize),1.676923076923077
WISH - Korean Version,NCT WISH,1.6764705882352942
1 TO 13,세븐틴 (SEVENTEEN) ,1.6730769230769231
Zombie,DAY6 (데이식스) ,1.6710526315789473
Right Now,NewJeans,1.6666666666666667
5월의 밤 (May),Zion.T,1.6578947368421053
밤양갱,비비 (BIBI) ,1.6538461538461537
한시 오분 (1:05),검정치마,1.6521739130434783
좋니,윤종신,1.651685393258427
Ditto,NewJeans,1.6511627906976745
니 소식,송하예,1.6511627906976745
깊은 밤을 날아서,이문세,1.647887323943662
Closer Than This,지민,1.641025641025641
HAPPY,DAY6 (데이식스) ,1.6363636363636365
예뻤어,DAY6 (데이식스) ,1.6338028169014085
그때 헤어지면 돼,로이킴,1.6323529411764706
어쩌다 보니,DAY6 (데이식스) ,1.6323529411764706
D (Half Moon),DEAN,1.632
Never Ending Story,부활,1.63013698630137
나랑 아니면,검정치마,1.6222222222222222
7시에 들어줘 (Feat. Peder Elias),부석순 (SEVENTEEN),1.62
헤어지자 말해요,박재정,1.6075949367088607
Say I Love You,우디 (Woody) ,1.5975609756097562
BAD BOY,BIGBANG (빅뱅),1.5918367346938775
DIE 4 YOU,DEAN,1.5909090909090908
To. X,태연 (TAEYEON),1.5853658536585367
양화대교,Zion.T,1.5783132530120483
나였으면,나윤권 ,1.5753424657534247
Complex (Feat. G-DRAGON),Zion.T,1.5666666666666667
"
울지마 (Feat. 최성호)",HOZIHO,1.5606060606060606
Healer,DAY6 (데이식스) ,1.56
그날처럼,장덕철,1.5595238095238095
서울의 달,김건모,1.5593220338983051
Joker (Feat. JAMIE),BIG Naughty (서동현),1.5416666666666667
조금 취했어 (Prod. 2soo),임재현,1.5263157894736843
시간이 들겠지 (Feat. Colde),로꼬,1.5217391304347827
그건 아마 우리의 잘못은 아닐거야,백예린 (Yerin Baek),1.5208333333333333
내가 아니라도,주호,1.52
Boyfriend,연준,1.5
Hype Boy,NewJeans,1.4883720930232558
이 사랑,다비치,1.4848484848484849
해요 (2022),#안녕,1.4821428571428572
Hurt,NewJeans,1.4772727272727273
이 노래가 클럽에서 나온다면,우디 (Woody) ,1.4742268041237114
내 맘을 볼 수 있나요,헤이즈 (Heize),1.4634146341463414
별 보러 가자,적재,1.4482758620689655
나에게 그대만이,탑현,1.4461538461538461
EVERYTHING,검정치마,1.4
대충 입고 나와,우디 (Woody) ,1.3627450980392157
꺼내 먹어요,Zion.T,1.3275862068965518
310,백예린 (Yerin Baek),1.2826086956521738
New Jeans,NewJeans,1.0
