일자,종가,대비,등락률,시가,고가,저가,거래량,거래대금,상장시가총액
"2019/12/30","2197.67","-6.54","-0.30","2202.62","2208.04","2195.65","416403484","4113597620249","1475909365805673"
"2019/12/27","2204.21","6.28","0.29","2183.70","2215.55","2177.40","490167721","5429665474516","1480287930817891"
"2019/12/26","2197.93","7.85","0.36","2192.22","2198.01","2183.90","571309392","4795109701596","1477949500778766"
"2019/12/24","2190.08","-13.63","-0.62","2206.23","2206.23","2187.58","569967811","4756454527367","1472110435243032"
"2019/12/23","2203.71","-0.47","-0.02","2208.22","2209.20","2196.43","502034303","4734276390048","1480981911312646"
"2019/12/20","2204.18","7.62","0.35","2205.57","2206.82","2194.80","646682877","5020842974443","1481266967974889"
"2019/12/19","2196.56","1.80","0.08","2199.42","2204.73","2186.59","643143837","5262211883061","1476809948465847"
"2019/12/18","2194.76","-0.92","-0.04","2194.92","2204.04","2187.32","591106012","5519070176261","1476402879307537"
"2019/12/17","2195.68","27.53","1.27","2179.40","2196.01","2171.09","599534417","6380891091394","1476694264006596"
"2019/12/16","2168.15","-2.10","-0.10","2168.05","2175.01","2166.29","377053514","4561208146256","1457529847044934"
"2019/12/13","2170.25","32.90","1.54","2164.63","2170.25","2159.45","540027181","6253215577014","1458776009201296"
"2019/12/12","2137.35","31.73","1.51","2120.13","2138.93","2120.13","584636816","8339490220448","1436302523894557"
"2019/12/11","2105.62","7.62","0.36","2098.28","2109.22","2092.48","668731150","4837220508223","1414435813888684"
"2019/12/10","2098.00","9.35","0.45","2081.22","2100.48","2080.16","500064261","4172974520829","1409366036607606"
"2019/12/09","2088.65","6.80","0.33","2091.94","2093.81","2084.31","393126953","3982512343332","1403184168535184"
"2019/12/06","2081.85","21.11","1.02","2072.44","2084.44","2070.17","440188497","4215044189346","1398777599963871"
"2019/12/05","2060.74","-8.15","-0.39","2078.31","2084.29","2053.56","472188080","4625010545391","1384402799834103"
"2019/12/04","2068.89","-15.18","-0.73","2070.84","2072.91","2057.45","347002806","5085778612114","1389618755691825"
"2019/12/03","2084.07","-7.85","-0.38","2075.02","2085.71","2066.60","450039650","4709539668026","1399615357936707"
"2019/12/02","2091.92","3.96","0.19","2097.55","2103.87","2088.92","385343942","4515836173554","1404938498708406"
"2019/11/29","2087.96","-30.64","-1.45","2125.53","2125.53","2085.10","433260994","5100926942073","1401938201845642"
"2019/11/28","2118.60","-9.25","-0.43","2116.93","2127.75","2116.58","335227079","4483257318044","1422661068375641"
"2019/11/27","2127.85","6.50","0.31","2134.47","2136.30","2118.07","367796130","4318299988619","1429134190596897"
"2019/11/26","2121.35","-2.15","-0.10","2129.27","2139.64","2120.85","532600500","7636050752641","1424956839467106"
"2019/11/25","2123.50","21.54","1.02","2117.14","2130.04","2116.07","397676380","4288509009551","1426007086550473"
"2019/11/22","2101.96","5.36","0.26","2098.89","2106.42","2093.99","519852004","4310267738915","1411508256467062"
"2019/11/21","2096.60","-28.72","-1.35","2123.65","2125.36","2088.19","579554927","5437430115891","1407600550876970"
"2019/11/20","2125.32","-27.92","-1.30","2140.06","2145.97","2123.80","581056092","5583376749873","1427359928536582"
"2019/11/19","2153.24","-7.45","-0.34","2151.04","2154.41","2137.01","826885342","5605578491223","1446140184452898"
"2019/11/18","2160.69","-1.49","-0.07","2161.89","2165.89","2151.97","489233053","4450920014374","1450349808632151"
"2019/11/15","2162.18","22.95","1.07","2137.96","2165.02","2135.26","556246041","5694837187629","1451470351501471"
"2019/11/14","2139.23","16.78","0.79","2127.54","2139.23","2121.32","521109826","6080226339496","1435960435240916"
"2019/11/13","2122.45","-18.47","-0.86","2132.48","2133.37","2118.67","664365647","5376790550529","1425460703380136"
"2019/11/12","2140.92","16.83","0.79","2131.26","2140.94","2121.80","610428626","5743924329266","1436296710316202"
"2019/11/11","2124.09","-13.14","-0.61","2139.07","2139.07","2119.07","617265604","5346845749690","1425038219436537"
"2019/11/08","2137.23","-7.06","-0.33","2154.18","2155.94","2133.75","574127089","5969290119249","1433704068497244"
"2019/11/07","2144.29","0.14","0.01","2141.05","2147.01","2135.45","425662849","5134908306978","1439008868618916"
"2019/11/06","2144.15","1.51","0.07","2142.69","2156.23","2138.83","410084729","5680104712316","1439014571334566"
"2019/11/05","2142.64","12.40","0.58","2133.66","2143.12","2128.70","400643651","5181344024819","1437952192468307"
"2019/11/04","2130.24","30.04","1.43","2111.32","2130.83","2111.32","476256619","5636693373532","1429190862087146"
"2019/11/01","2100.20","16.72","0.80","2084.79","2100.42","2081.53","418314118","4599472628630","1408824195271186"
"2019/10/31","2083.48","3.21","0.15","2089.22","2103.71","2083.48","461322641","5777340831340","1397134899920708"
"2019/10/30","2080.27","-12.42","-0.59","2093.51","2093.51","2075.54","415551707","5051507872111","1395052464655768"
"2019/10/29","2092.69","-0.91","-0.04","2103.92","2105.17","2088.04","357662332","4067889827188","1400636741907645"
"2019/10/28","2093.60","5.71","0.27","2096.67","2104.39","2089.76","269233762","3853804704594","1401486782733967"
"2019/10/25","2087.89","2.23","0.11","2091.16","2091.24","2079.30","348686136","4429328925874","1397792837886505"
"2019/10/24","2085.66","5.04","0.24","2089.85","2089.85","2067.90","367717362","5208814264302","1396059213375811"
"2019/10/23","2080.62","-8.24","-0.39","2086.81","2088.25","2074.88","429453295","5110883572829","1392517281127201"
"2019/10/22","2088.86","24.02","1.16","2076.29","2093.81","2073.08","504063331","4811062528761","1398014600027705"
"2019/10/21","2064.84","4.15","0.20","2067.97","2067.97","2059.33","606108725","3598365529933","1381669311538777"
"2019/10/18","2060.69","-17.25","-0.83","2082.23","2088.54","2057.89","516687848","5429306546798","1378751961323373"
"2019/10/17","2077.94","-4.89","-0.23","2081.76","2087.15","2072.49","314177112","3484053994750","1390071921609544"
"2019/10/16","2082.83","14.66","0.71","2080.92","2090.01","2073.80","524545161","4463659000161","1393413064808508"
"2019/10/15","2068.17","0.77","0.04","2064.78","2073.21","2064.34","464533785","4138985920292","1383418736834437"
"2019/10/14","2067.40","22.79","1.11","2068.13","2075.10","2065.53","511215908","4579415090999","1382961056983902"
"2019/10/11","2044.61","16.46","0.81","2048.08","2053.94","2040.48","381147036","3790613421857","1367727113719942"
"2019/10/10","2028.15","-18.10","-0.88","2030.13","2040.88","2010.90","445846412","5612446184283","1356703391347914"
"2019/10/08","2046.25","24.52","1.21","2029.37","2046.81","2024.63","437517313","4256283543301","1368408579392448"
"2019/10/07","2021.73","1.04","0.05","2031.53","2034.94","2016.19","322184598","3412076289043","1351980508689979"
"2019/10/04","2020.69","-11.22","-0.55","2028.40","2039.43","2020.69","402940876","3963264425877","1351390760877189"
"2019/10/02","2031.91","-40.51","-1.95","2058.23","2058.23","2031.91","414460340","3933921932793","1358586984595908"
"2019/10/01","2072.42","9.37","0.45","2062.44","2077.48","2057.91","389336196","3869998424287","1385453397293141"
"2019/09/30","2063.05","13.12","0.64","2045.77","2064.99","2042.01","327625088","3709169292668","1379383990482194"
"2019/09/27","2049.93","-24.59","-1.19","2066.96","2066.96","2044.75","285943315","3489260824871","1370704841116332"
"2019/09/26","2074.52","1.13","0.05","2082.66","2087.33","2064.34","430577353","4656831355926","1387334938947795"
"2019/09/25","2073.39","-27.65","-1.32","2093.47","2095.27","2072.41","651551743","5181991511224","1386072581864125"
"2019/09/24","2101.04","9.34","0.45","2090.19","2101.63","2085.91","535771028","4406729259064","1404448758965775"
"2019/09/23","2091.70","0.18","0.01","2087.70","2095.54","2085.60","420948452","4095773985804","1398458459189431"
"2019/09/20","2091.52","11.17","0.54","2080.86","2092.37","2077.30","589919812","5401656950633","1398474981721940"
"2019/09/19","2080.35","9.62","0.46","2070.53","2089.81","2070.53","493037906","4796838356382","1390937570288631"
"2019/09/18","2070.73","8.40","0.41","2064.42","2075.63","2058.52","613147930","4849403756630","1382698755389613"
"2019/09/17","2062.33","0.11","0.01","2058.72","2066.33","2055.17","507995193","4572240815084","1376689373343846"
"2019/09/16","2062.22","13.02","0.64","2056.26","2062.22","2044.80","493516015","5676634123849","1376560744085651"
"2019/09/11","2049.20","17.12","0.84","2043.72","2050.80","2040.04","429075391","5997521226847","1368161366688447"
"2019/09/10","2032.08","12.53","0.62","2024.79","2034.28","2021.58","504390675","4458784974942","1356956832532173"
"2019/09/09","2019.55","10.42","0.52","2013.38","2029.80","2013.28","511821080","4401821569599","1348800307788299"
"2019/09/06","2009.13","4.38","0.22","2016.11","2017.20","2005.69","384440919","3667155354748","1341565099600064"
"2019/09/05","2004.75","16.22","0.82","1993.62","2015.39","1992.51","488067460","5556532181275","1338476907583737"
"2019/09/04","1988.53","22.84","1.16","1962.43","1988.53","1962.08","348722016","4133684498548","1326785677999283"
"2019/09/03","1965.69","-3.50","-0.18","1966.50","1976.37","1960.15","342077082","3916057996542","1311680052177079"
"2019/09/02","1969.19","1.40","0.07","1961.19","1973.25","1958.59","262154290","2924232192062","1314134426075348"
"2019/08/30","1967.79","34.38","1.78","1951.66","1971.21","1951.30","317733276","4371488503868","1313598665258278"
"2019/08/29","1933.41","-7.68","-0.40","1943.55","1947.15","1928.49","285103063","3709595768204","1290373159181341"
"2019/08/28","1941.09","16.49","0.86","1929.96","1943.62","1926.43","284344281","3288745364966","1295572074441471"
"2019/08/27","1924.60","8.29","0.43","1928.98","1937.42","1919.28","427042158","5037419815890","1284739456203263"
"2019/08/26","1916.31","-31.99","-1.64","1915.34","1924.49","1909.92","324853162","3751275939269","1278910758650452"
"2019/08/23","1948.30","-2.71","-0.14","1942.42","1953.85","1940.60","381086832","3498464866062","1299891726431822"
"2019/08/22","1951.01","-13.64","-0.69","1966.60","1967.96","1951.01","435564555","4095130339760","1301909073653730"
"2019/08/21","1964.65","4.40","0.22","1954.57","1971.12","1954.47","391567810","3821800903409","1310906717019207"
"2019/08/20","1960.25","20.35","1.05","1942.99","1964.16","1937.53","463604646","4130252993012","1308076037423150"
"2019/08/19","1939.90","12.73","0.66","1936.64","1943.09","1931.44","481022288","3771542443910","1294140224486057"
"2019/08/16","1927.17","-11.20","-0.58","1921.49","1927.70","1911.72","421682099","4274269397700","1286042560145130"
"2019/08/14","1938.37","12.54","0.65","1946.18","1952.22","1937.23","699585019","5076486427994","1293001856990476"
"2019/08/13","1925.83","-16.46","-0.85","1928.76","1937.68","1923.58","660040626","4340208917859","1284457198078696"
"2019/08/12","1942.29","4.54","0.23","1941.53","1949.19","1933.25","427140753","3997754683679","1295503767211319"
"2019/08/09","1937.75","17.14","0.89","1940.06","1946.94","1936.14","654344213","5051265070927","1292314441538221"
"2019/08/08","1920.61","10.90","0.57","1926.28","1937.95","1915.81","777165791","6769546464363","1280853901512378"
"2019/08/07","1909.71","-7.79","-0.41","1925.33","1929.29","1901.61","760777428","5373398012266","1273695153746569"
"2019/08/06","1917.50","-29.48","-1.51","1900.36","1948.53","1891.81","739588000","7179083067752","1278708145720892"
"2019/08/05","1946.98","-51.15","-2.56","1985.93","1987.64","1945.39","639603860","6599770833210","1298224308531082"
"2019/08/02","1998.13","-19.21","-0.95","1995.31","2005.31","1987.12","438538034","5338221152118","1331726020788260"
"2019/08/01","2017.34","-7.21","-0.36","2015.09","2032.23","2009.33","461743301","4443149841476","1344605608058001"
"2019/07/31","2024.55","-14.13","-0.69","2036.46","2041.16","2010.95","589386215","5532912844793","1349751511726427"
"2019/07/30","2038.68","9.20","0.45","2035.32","2044.59","2032.61","547029568","3877489154438","1359687443391970"
"2019/07/29","2029.48","-36.78","-1.78","2059.13","2063.13","2025.01","608670823","4681216489006","1353730489286975"
"2019/07/26","2066.26","-8.22","-0.40","2063.35","2068.16","2054.64","589074008","5138752090160","1378062580766348"
"2019/07/25","2074.48","-7.82","-0.38","2085.67","2088.81","2061.08","598634494","5207429586665","1383500621064489"
"2019/07/24","2082.30","-19.15","-0.91","2097.16","2105.68","2080.66","851392616","4233306335221","1387937020110742"
"2019/07/23","2101.45","8.11","0.39","2095.76","2106.39","2095.38","648123964","4601029966914","1401179455863691"
"2019/07/22","2093.34","-1.02","-0.05","2090.35","2099.34","2087.51","332629659","3206206972692","1395686187722320"
"2019/07/19","2094.36","27.81","1.35","2080.21","2096.73","2076.51","394904496","4198431742061","1396345455409810"
"2019/07/18","2066.55","-6.37","-0.31","2068.66","2073.20","2061.33","446644261","3939883928809","1377591720176989"
"2019/07/17","2072.92","-18.95","-0.91","2079.91","2080.01","2063.49","761626214","4643511817295","1381856023931305"
"2019/07/16","2091.87","9.39","0.45","2084.46","2096.67","2078.74","682802883","5284192503571","1394462438582037"
"2019/07/15","2082.48","-4.18","-0.20","2083.39","2088.34","2073.10","463519822","3740179786626","1388670529494367"
"2019/07/12","2086.66","6.08","0.29","2083.53","2090.43","2077.35","403935256","3775268693354","1391297124253375"
"2019/07/11","2080.58","21.80","1.06","2070.59","2088.24","2070.21","376675258","5057466110194","1387530387969924"
"2019/07/10","2058.78","6.75","0.33","2061.55","2068.20","2056.48","355677692","3938556515348","1372819300454448"
"2019/07/09","2052.03","-12.14","-0.59","2070.35","2075.30","2052.03","440122152","4439841139763","1367889452286573"
"2019/07/08","2064.17","-46.42","-2.20","2091.91","2092.54","2063.78","515950186","4349730300900","1375390948206713"
"2019/07/05","2110.59","1.86","0.09","2111.00","2115.43","2096.23","459391351","4025814142961","1405984668360227"
"2019/07/04","2108.73","12.71","0.61","2102.36","2108.80","2088.97","446932809","4542737856067","1405237689270569"
"2019/07/03","2096.02","-26.00","-1.23","2120.75","2127.71","2093.32","522709122","4615984289060","1396737258553866"
"2019/07/02","2122.02","-7.72","-0.36","2122.07","2130.86","2112.52","460830079","4107541802523","1413906577386491"
"2019/07/01","2129.74","-0.88","-0.04","2147.24","2147.24","2126.87","412291132","4730192766096","1419133353748724"
"2019/06/28","2130.62","-3.70","-0.17","2135.06","2139.24","2123.97","537274612","4282404579120","1419520754393242"
"2019/06/27","2134.32","12.47","0.59","2120.73","2141.27","2118.22","644900239","5122462360257","1421656474616490"
"2019/06/26","2121.85","0.21","0.01","2120.20","2128.25","2115.72","736851548","4455865231022","1413592489240463"
"2019/06/25","2121.64","-4.69","-0.22","2125.74","2136.24","2115.11","642999230","4249731983881","1413099198036989"
"2019/06/24","2126.33","0.71","0.03","2130.32","2134.48","2123.88","669639947","4054920629380","1416221253476645"
"2019/06/21","2125.62","-5.67","-0.27","2132.38","2132.68","2120.15","692027953","5226303238863","1415602954777338"
"2019/06/20","2131.29","6.51","0.31","2121.78","2131.77","2120.42","1007158995","3994784100460","1419450952962012"
"2019/06/19","2124.78","26.07","1.24","2119.54","2126.74","2117.64","862980408","4984533534690","1414680218091750"
"2019/06/18","2098.71","7.98","0.38","2089.31","2103.02","2089.31","600964477","4579592121214","1397358727371354"
"2019/06/17","2090.73","-4.68","-0.22","2091.71","2103.59","2087.25","561550094","4255706319709","1391569061376270"
"2019/06/14","2095.41","-7.74","-0.37","2096.32","2103.02","2087.47","473370326","4716415804710","1395025949435908"
"2019/06/13","2103.15","-5.60","-0.27","2104.46","2108.01","2081.92","553393426","5998223016935","1400059107793614"
"2019/06/12","2108.75","-3.06","-0.14","2111.66","2118.89","2104.41","693507706","4661009625755","1404084076348163"
"2019/06/11","2111.81","12.32","0.59","2096.09","2114.57","2094.60","550740467","4276695054674","1406104185676976"
"2019/06/10","2099.49","27.16","1.31","2087.37","2099.65","2075.51","457640868","4214043636528","1398084995736478"
"2019/06/07","2072.33","3.22","0.16","2070.78","2081.16","2057.97","368392099","4347351437913","1380064127113859"
"2019/06/05","2069.11","2.14","0.10","2084.16","2086.49","2065.71","380156934","4506227704256","1377885042288038"
"2019/06/04","2066.97","-0.88","-0.04","2066.78","2072.19","2060.98","435991771","4841760568903","1376101514669566"
"2019/06/03","2067.85","26.11","1.28","2031.03","2070.58","2029.17","387145916","4640456999164","1376865465427038"
"2019/05/31","2041.74","2.94","0.14","2029.03","2048.90","2022.97","439181700","5039081178642","1358693515769970"
"2019/05/30","2038.80","15.48","0.77","2024.33","2040.66","2023.91","461850038","4978843426528","1356387791900666"
"2019/05/29","2023.32","-25.51","-1.25","2046.71","2046.71","2016.25","380893908","4686652421993","1345376066236881"
"2019/05/28","2048.83","4.62","0.23","2044.77","2058.42","2038.52","494478506","8080272646290","1358437863665667"
"2019/05/27","2044.21","-1.10","-0.05","2044.25","2055.13","2035.87","351616397","3506626756142","1355615535137494"
"2019/05/24","2045.31","-14.28","-0.69","2047.30","2057.38","2035.98","480647785","4581385647751","1356099663065172"
"2019/05/23","2059.59","-5.27","-0.26","2063.25","2065.86","2046.82","509268840","4819255464431","1365939860322670"
"2019/05/22","2064.86","3.61","0.18","2068.65","2070.80","2048.01","509974355","4637965353551","1368593282436184"
"2019/05/21","2061.25","5.54","0.27","2056.95","2076.47","2053.69","526858525","5272368951235","1366112085429248"
"2019/05/20","2055.71","-0.09","0.00","2066.53","2077.10","2051.69","640195314","4889671212570","1361781952181663"
"2019/05/17","2055.80","-11.89","-0.58","2081.57","2082.83","2053.79","537380478","5378895113211","1361632447436614"
"2019/05/16","2067.69","-25.09","-1.20","2094.88","2095.58","2062.44","745164325","6042439759139","1369732050106538"
"2019/05/15","2092.78","10.94","0.53","2081.92","2100.01","2076.46","577794538","5052873495733","1386708606204295"
"2019/05/14","2081.84","2.83","0.14","2060.24","2093.41","2056.74","696195115","5865911939540","1379906842807898"
"2019/05/13","2079.01","-29.03","-1.38","2091.80","2101.09","2077.72","505750965","4601110960483","1378695078971849"
"2019/05/10","2108.04","6.03","0.29","2118.42","2124.92","2090.39","714766047","6407849437506","1397898972342239"
"2019/05/09","2102.01","-66.00","-3.04","2159.79","2164.98","2102.01","743506582","8236437835734","1393596819333551"
"2019/05/08","2168.01","-8.98","-0.41","2151.34","2179.34","2151.34","456333730","5170590567606","1437428069486080"
"2019/05/07","2176.99","-19.33","-0.88","2172.39","2179.51","2160.44","484097411","5467056820124","1443681620648764"
"2019/05/03","2196.32","-16.43","-0.74","2209.44","2211.36","2192.36","617877728","5297907288528","1456663139182857"
"2019/05/02","2212.75","9.16","0.42","2192.94","2217.03","2191.30","369059331","5026634171010","1467462906862524"
"2019/04/30","2203.59","-12.84","-0.58","2213.43","2215.77","2186.33","381413638","5697107343143","1461526970030485"
"2019/04/29","2216.43","37.12","1.70","2183.41","2216.43","2181.82","380823202","4985905996916","1469579228609255"
"2019/04/26","2179.31","-11.19","-0.51","2178.13","2186.52","2168.15","570172114","5346145628898","1445304534300290"
"2019/04/25","2190.50","-10.53","-0.48","2195.47","2200.89","2187.44","441137220","5610697148270","1452279955041841"
"2019/04/24","2201.03","-19.48","-0.88","2229.75","2229.75","2190.29","575099947","6342430060053","1459265698733680"
"2019/04/23","2220.51","3.86","0.17","2217.61","2223.92","2212.14","481177693","4922937803418","1471093767629332"
"2019/04/22","2216.65","0.50","0.02","2218.50","2227.94","2207.25","493984426","4639971396933","1468803476988435"
"2019/04/19","2216.15","2.38","0.11","2223.42","2225.37","2215.58","525263603","4965672211178","1468420930045869"
"2019/04/18","2213.77","-32.12","-1.43","2248.80","2250.11","2210.43","573343371","6501103720627","1467185238379835"
"2019/04/17","2245.89","-2.74","-0.12","2249.05","2252.05","2242.01","452474829","5586183776794","1488430885486793"
"2019/04/16","2248.63","5.75","0.26","2241.06","2249.89","2235.72","569056241","7083490839974","1489660939148968"
"2019/04/15","2242.88","9.43","0.42","2242.31","2251.22","2240.29","404160070","6668128939191","1485758717089295"
"2019/04/12","2233.45","9.01","0.41","2221.10","2233.45","2212.88","449634273","6098417861762","1479300934871201"
"2019/04/11","2224.44","0.05","0.00","2227.69","2230.41","2217.18","402016393","6022086522472","1473103445557845"
"2019/04/10","2224.39","10.83","0.49","2206.20","2225.02","2203.82","399694690","5135093645085","1473098586564393"
"2019/04/09","2213.56","2.96","0.13","2212.32","2221.62","2203.54","414809277","4904129876338","1466472414510091"
"2019/04/08","2210.60","0.99","0.04","2217.66","2217.87","2202.49","347910204","4660047203880","1464185952042604"
"2019/04/05","2209.61","3.08","0.14","2206.36","2214.82","2205.26","517153053","4215786976690","1463238721453826"
"2019/04/04","2206.53","3.26","0.15","2201.04","2216.15","2198.66","431013240","4857554113287","1461266733697704"
"2019/04/03","2203.27","26.09","1.20","2176.81","2203.29","2172.83","358644921","5466968835112","1458945250841842"
"2019/04/02","2177.18","8.90","0.41","2177.20","2181.37","2171.84","257453028","4247457375716","1441635794811690"
"2019/04/01","2168.28","27.61","1.29","2153.31","2171.49","2153.31","263312768","4365111400005","1435481137484246"
"2019/03/29","2140.67","12.57","0.59","2138.45","2143.30","2124.07","364618638","5248941127868","1417246090700786"
"2019/03/28","2128.10","-17.52","-0.82","2131.25","2136.40","2120.93","288036217","4403905967205","1409454255770860"
"2019/03/27","2145.62","-3.18","-0.15","2147.19","2152.91","2132.42","363169415","4490155588700","1419130931621688"
"2019/03/26","2148.80","3.94","0.18","2152.98","2153.90","2143.63","301253574","4248900137963","1421123429431263"
"2019/03/25","2144.86","-42.09","-1.92","2158.80","2159.25","2143.70","307071247","4136472112423","1418438626634458"
"2019/03/22","2186.95","2.07","0.09","2192.72","2195.42","2178.77","333617567","6881722527179","1446842699649707"
"2019/03/21","2184.88","7.78","0.36","2183.11","2200.32","2173.70","342747152","6229925336110","1445055041479256"
"2019/03/20","2177.10","-0.52","-0.02","2171.41","2177.19","2152.21","317606686","4175741034585","1438253702940605"
"2019/03/19","2177.62","-1.87","-0.09","2183.03","2183.76","2171.05","319702553","3867859299559","1438506503408298"
"2019/03/18","2179.49","3.38","0.16","2179.69","2183.90","2172.34","257951275","4093226224639","1439426927693641"
"2019/03/15","2176.11","20.43","0.95","2152.96","2181.77","2152.59","387135808","6821323565354","1437037920963024"
"2019/03/14","2155.68","7.27","0.34","2154.35","2158.34","2142.31","341009699","5882524412188","1423787458371483"
"2019/03/13","2148.41","-8.77","-0.41","2152.66","2154.11","2134.16","285600820","4088450721573","1419083069943012"
"2019/03/12","2157.18","19.08","0.89","2154.61","2161.69","2150.96","355282965","4222805054027","1424679600994820"
"2019/03/11","2138.10","0.66","0.03","2140.29","2145.31","2125.54","272103487","4077476409974","1410561695000350"
"2019/03/08","2137.44","-28.35","-1.31","2152.80","2159.67","2137.44","313314909","4497331235658","1410568349920833"
"2019/03/07","2165.79","-9.81","-0.45","2173.19","2181.19","2155.19","292578442","4858918520562","1429496101537032"
"2019/03/06","2175.60","-3.63","-0.17","2177.11","2179.01","2168.46","328943179","4828088089894","1435423976972670"
"2019/03/05","2179.23","-11.43","-0.52","2183.35","2185.74","2171.33","313145801","4980940796207","1437785625516105"
"2019/03/04","2190.66","-4.78","-0.22","2210.97","2216.02","2188.56","373166073","6405237020767","1445642000022302"
"2019/02/28","2195.44","-39.35","-1.76","2231.58","2233.93","2195.44","510022158","8307295774617","1448767023638722"
"2019/02/27","2234.79","8.19","0.37","2234.46","2237.77","2228.16","301513165","4914612941695","1475176574151260"
"2019/02/26","2226.60","-5.96","-0.27","2230.37","2235.70","2221.76","331962323","5024237669533","1469933629795979"
"2019/02/25","2232.56","2.06","0.09","2241.13","2241.76","2224.64","339233786","4689860737887","1473911027224693"
"2019/02/22","2230.50","1.84","0.08","2222.32","2230.50","2217.08","409310838","4645184004326","1472581253373874"
"2019/02/21","2228.66","-1.10","-0.05","2224.26","2234.31","2213.19","382510920","5480909639767","1471404502700458"
"2019/02/20","2229.76","24.13","1.09","2216.74","2234.68","2213.83","374342331","5948416944791","1471936799830701"
"2019/02/19","2205.63","-5.26","-0.24","2208.96","2213.87","2193.34","389093896","4534559338232","1455230606553823"
"2019/02/18","2210.89","14.80","0.67","2207.36","2217.32","2203.00","314370950","4668186939202","1458936951056956"
"2019/02/15","2196.09","-29.76","-1.34","2210.94","2210.94","2187.71","400591521","5097630832616","1449296807078938"
"2019/02/14","2225.85","24.37","1.11","2195.92","2225.85","2186.09","573362007","6426022765504","1469357630739561"
"2019/02/13","2201.48","11.01","0.50","2200.00","2203.71","2194.75","421989698","5585494555665","1453501270517371"
"2019/02/12","2190.47","9.74","0.45","2182.71","2195.05","2178.59","429940461","5929463237358","1446167642881578"
"2019/02/11","2180.73","3.68","0.17","2180.54","2181.58","2167.36","406059815","5327610302057","1438816002281247"
"2019/02/08","2177.05","-26.37","-1.20","2192.01","2192.48","2171.96","391029097","5728529606483","1436388008944814"
"2019/02/07","2203.42","-0.04","0.00","2215.77","2215.79","2196.77","427842793","6339360759652","1454323219046604"
"2019/02/01","2203.46","-1.39","-0.06","2211.93","2218.78","2201.41","479378556","6873999624152","1454699810793706"
"2019/01/31","2204.85","-1.35","-0.06","2222.88","2222.88","2201.22","545247910","7762306856437","1455505296056499"
"2019/01/30","2206.20","22.84","1.05","2183.49","2206.20","2177.88","480390487","6875692507420","1456059990001788"
"2019/01/29","2183.36","6.06","0.28","2172.83","2183.36","2162.53","552586618","6504582924510","1441345148964529"
"2019/01/28","2177.30","-0.43","-0.02","2184.41","2188.15","2169.17","371618518","6060559291829","1437491622562736"
"2019/01/25","2177.73","32.70","1.52","2147.92","2178.01","2146.64","410001961","7065652406289","1437842917491483"
"2019/01/24","2145.03","17.25","0.81","2127.88","2145.08","2125.48","413652271","6035836296861","1415738357524606"
"2019/01/23","2127.78","10.01","0.47","2108.72","2131.05","2106.74","408600062","5170561792658","1403936953766212"
"2019/01/22","2117.77","-6.84","-0.32","2126.03","2129.37","2108.91","419441359","4897406432421","1397318461758313"
"2019/01/21","2124.61","0.33","0.02","2133.87","2134.17","2114.45","398034986","5320635085503","1401780023623738"
"2019/01/18","2124.28","17.22","0.82","2116.43","2124.50","2113.44","456737721","5356125356124","1401233933236199"
"2019/01/17","2107.06","0.96","0.05","2110.14","2117.43","2101.70","475884760","5857766808901","1389975886942780"
"2019/01/16","2106.10","8.92","0.43","2098.65","2106.35","2091.92","500078131","5352467226713","1388695520077813"
"2019/01/15","2097.18","32.66","1.58","2069.14","2098.01","2067.58","439488652","5236963734010","1382450777672374"
"2019/01/14","2064.52","-11.05","-0.53","2070.49","2073.94","2059.46","432890569","4941021266486","1360565230505129"
"2019/01/11","2075.57","12.29","0.60","2070.36","2076.99","2063.99","380061043","4592460536252","1368311381419713"
"2019/01/10","2063.28","-1.43","-0.07","2065.73","2072.81","2057.16","382877104","5434257496719","1359857820274138"
"2019/01/09","2064.71","39.44","1.95","2034.19","2068.23","2034.19","386247767","5532688944833","1360852002032056"
"2019/01/08","2025.27","-11.83","-0.58","2038.68","2042.70","2023.59","397831202","4826641977635","1333996220969886"
"2019/01/07","2037.10","26.85","1.34","2034.24","2048.06","2030.90","440191435","5301385184683","1342381870636242"
"2019/01/04","2010.25","16.55","0.83","1992.40","2011.56","1984.53","408990897","5490147620731","1323719372668579"
"2019/01/03","1993.70","-16.30","-0.81","2011.81","2014.72","1991.65","427976017","5358519356361","1312758913016841"
"2019/01/02","2010.00","-31.04","-1.52","2050.55","2053.45","2004.27","326367773","4295871822881","1323645396533233"
"2018/12/28","2041.04","12.60","0.62","2036.70","2046.97","2035.41","352677713","4120695824217","1343971857985694"
"2018/12/27","2028.44","0.43","0.02","2032.09","2035.57","2021.39","398021312","5351003742272","1335555861715532"
"2018/12/26","2028.01","-27.00","-1.31","2028.81","2037.83","2014.28","321499356","5424078195801","1336757289211058"
"2018/12/24","2055.01","-6.48","-0.31","2050.38","2059.94","2046.18","285275041","3843849185884","1352900455817700"
"2018/12/21","2061.49","1.37","0.07","2052.70","2061.51","2049.76","311388830","5492537998707","1357352795408644"
"2018/12/20","2060.12","-18.72","-0.90","2063.70","2071.08","2047.52","421064811","5483090122031","1356169265732605"
"2018/12/19","2078.84","16.73","0.81","2068.95","2080.65","2063.01","418796781","5124894547204","1368928570752260"
"2018/12/18","2062.11","-8.98","-0.43","2057.39","2074.31","2054.26","429530034","5241610268028","1358110562555382"
"2018/12/17","2071.09","1.71","0.08","2071.21","2075.93","2065.51","444522436","4764477303856","1363331838169250"
"2018/12/14","2069.38","-26.17","-1.25","2095.64","2095.64","2061.40","448237566","5784241998914","1362231208465947"
"2018/12/13","2095.55","12.98","0.62","2087.43","2104.43","2084.37","379818934","7941965801885","1379759767753823"
"2018/12/12","2082.57","29.60","1.44","2062.77","2084.77","2061.13","457126806","5613049104300","1371559153619690"
"2018/12/11","2052.97","-0.82","-0.04","2058.16","2060.94","2047.17","273932724","5020321840385","1373342570134826"
"2018/12/10","2053.79","-21.97","-1.06","2048.45","2061.78","2043.21","344164081","4697529196041","1373936929456377"
"2018/12/07","2075.76","7.07","0.34","2081.68","2086.84","2065.62","371590518","4318800488614","1389034610099779"
"2018/12/06","2068.69","-32.62","-1.55","2094.62","2094.62","2064.00","537409666","5606457270821","1383505179302256"
"2018/12/05","2101.31","-13.04","-0.62","2086.57","2107.69","2086.57","492716302","4802792506076","1405505401513177"
"2018/12/04","2114.35","-17.58","-0.82","2125.67","2128.94","2105.45","507517915","5539552759800","1414637237271263"
"2018/12/03","2131.93","35.07","1.67","2127.78","2136.64","2113.60","436588354","5571246218013","1427528842890565"
"2018/11/30","2096.86","-17.24","-0.82","2116.83","2122.33","2093.83","427354687","7316750950445","1403482457591888"
"2018/11/29","2114.10","5.88","0.28","2133.95","2136.74","2108.90","307230147","5304158577124","1414953063757803"
"2018/11/28","2108.22","8.80","0.42","2104.13","2108.65","2094.32","300075899","4793983447025","1410935094058994"
"2018/11/27","2099.42","16.40","0.79","2091.75","2102.29","2079.49","239211333","4554649438449","1405263073694450"
"2018/11/26","2083.02","25.54","1.24","2060.17","2083.96","2060.17","237710998","4482314159182","1394139023522661"
"2018/11/23","2057.48","-12.47","-0.60","2073.26","2075.91","2047.96","227202249","3774227154814","1377477156503286"
"2018/11/22","2069.95","-6.60","-0.32","2079.01","2081.75","2066.20","242498695","4152745756544","1385804543649564"
"2018/11/21","2076.55","-6.03","-0.29","2057.07","2077.49","2049.76","267903665","5151648692417","1389907927315249"
"2018/11/20","2082.58","-17.98","-0.86","2074.67","2089.54","2074.67","281685483","5043725349437","1394320913235383"
"2018/11/19","2100.56","8.16","0.39","2096.13","2111.39","2089.37","273198192","4703756708323","1407580890523356"
"2018/11/16","2092.40","4.34","0.21","2097.94","2103.11","2086.54","301604800","4837651605403","1403214070108003"
"2018/11/15","2088.06","20.01","0.97","2061.47","2088.61","2058.73","351042679","4828619809984","1400644704481109"
"2018/11/14","2068.05","-3.18","-0.15","2071.41","2075.12","2060.86","339046421","5561968951963","1387531772647114"
"2018/11/13","2071.23","-9.21","-0.44","2047.62","2072.03","2032.05","383421096","5865351205238","1389821571154802"
"2018/11/12","2080.44","-5.65","-0.27","2065.92","2087.24","2065.52","295528834","5542962416785","1396015015368220"
"2018/11/09","2086.09","-6.54","-0.31","2093.89","2101.92","2082.47","298072439","5260639742532","1399495753141431"
"2018/11/08","2092.63","13.94","0.67","2109.97","2120.88","2092.36","328034643","5987514683033","1403264488522132"
"2018/11/07","2078.69","-10.93","-0.52","2090.32","2107.63","2072.48","485225008","6452003891470","1394112654139746"
"2018/11/06","2089.62","12.70","0.61","2085.81","2092.61","2068.59","315816036","5143563252043","1400793160025069"
"2018/11/05","2076.92","-19.08","-0.91","2079.81","2080.49","2052.67","361302495","4917286105689","1392607295640860"
"2018/11/02","2096.00","71.54","3.53","2046.61","2096.63","2044.94","371978982","6798069287128","1405334524247641"
"2018/11/01","2024.46","-5.23","-0.26","2035.11","2054.22","2023.43","343813982","5965853225311","1357721489101201"
"2018/10/31","2029.69","15.00","0.74","2022.84","2030.50","2006.63","373027917","6347335573367","1361478009940289"
"2018/10/30","2014.69","18.64","0.93","1985.95","2028.84","1985.95","441585024","7022060477564","1350728242365493"
"2018/10/29","1996.05","-31.10","-1.53","2026.68","2045.76","1993.77","427304809","6359734182920","1337548193254955"
"2018/10/26","2027.15","-36.15","-1.75","2066.57","2066.57","2008.86","449197781","6688109371676","1357749078363398"
"2018/10/25","2063.30","-34.28","-1.63","2046.67","2066.06","2033.81","376014931","7607756030640","1381218885031170"
"2018/10/24","2097.58","-8.52","-0.40","2119.19","2121.36","2092.10","399734277","6490106611511","1404498958966607"
"2018/10/23","2106.10","-55.61","-2.57","2147.30","2148.80","2094.69","373468365","6995701616997","1410671809809999"
"2018/10/22","2161.71","5.45","0.25","2143.08","2163.21","2136.92","308740360","3910411312536","1447338908438749"
"2018/10/19","2156.26","7.95","0.37","2130.06","2158.78","2117.62","351771056","4875051374475","1444034122500876"
"2018/10/18","2148.31","-19.20","-0.89","2158.80","2168.01","2146.61","321762515","4229126676336","1438938480767734"
"2018/10/17","2167.51","22.39","1.04","2169.44","2182.77","2159.37","275159713","5284969143372","1451605025541725"
"2018/10/16","2145.12","0.00","0.00","2156.00","2161.76","2140.19","222512420","3936707732065","1436739589906666"
"2018/10/15","2145.12","-16.73","-0.77","2155.34","2159.23","2141.28","259176039","4708940231111","1436393187257125"
"2018/10/12","2161.85","32.18","1.51","2131.66","2173.01","2129.13","292573680","6085083782185","1447954874236682"
"2018/10/11","2129.67","-98.94","-4.44","2176.16","2186.69","2129.67","411919150","8335698664127","1425862543562146"
"2018/10/10","2228.61","-25.22","-1.12","2256.03","2257.52","2222.95","365683910","8836407999393","1491298711172330"
"2018/10/08","2253.83","-13.69","-0.60","2258.73","2273.71","2253.83","214644406","4478791949552","1507728175260388"
"2018/10/05","2267.52","-6.97","-0.31","2269.94","2278.12","2250.99","282139132","6398398547215","1516687626221016"
"2018/10/04","2274.49","-35.08","-1.52","2311.06","2311.06","2270.22","309502297","7606334609281","1522077631611312"
"2018/10/02","2309.57","-29.31","-1.25","2338.28","2341.55","2308.90","287868231","6394764332660","1545687250472083"
"2018/10/01","2338.88","-4.19","-0.18","2349.64","2352.11","2333.32","278310244","5541730106068","1565088147353786"
"2018/09/28","2343.07","-12.36","-0.52","2356.13","2356.62","2337.47","317870220","7215237062038","1567600410138137"
"2018/09/27","2355.43","16.26","0.70","2331.70","2355.43","2331.70","279230447","7299705654606","1576072562770882"
"2018/09/21","2339.17","15.72","0.68","2332.04","2339.17","2325.12","321703947","8286570453356","1565411083749636"
"2018/09/20","2323.45","14.99","0.65","2314.41","2334.04","2311.56","289085599","6468799318884","1554805558664798"
"2018/09/19","2308.46","-0.52","-0.02","2319.22","2319.22","2301.79","350949190","6382677284847","1544270948811315"
"2018/09/18","2308.98","5.97","0.26","2287.73","2310.97","2287.42","309235497","5794170442618","1544113849239324"
"2018/09/17","2303.01","-15.24","-0.66","2314.55","2314.55","2295.26","343167026","5079753892653","1538974309539551"
"2018/09/14","2318.25","32.02","1.40","2304.70","2318.65","2304.15","292236044","5839237669833","1549484910540028"
"2018/09/13","2286.23","3.31","0.14","2285.28","2291.51","2281.63","301308674","6598920994447","1526997038011347"
"2018/09/12","2282.92","-0.28","-0.01","2286.28","2289.66","2271.00","336830263","6445490499188","1525237664943277"
"2018/09/11","2283.20","-5.46","-0.24","2286.91","2295.76","2275.13","368210972","6188337337979","1525866107953332"
"2018/09/10","2288.66","7.08","0.31","2277.35","2289.38","2276.60","312612746","5599499357387","1529962355040679"
"2018/09/07","2281.58","-6.03","-0.26","2278.08","2286.82","2264.90","357560508","6263720900565","1525066818464548"
"2018/09/06","2287.61","-4.16","-0.18","2288.80","2298.47","2284.50","387510638","5679574007389","1529906806560863"
"2018/09/05","2291.77","-23.95","-1.03","2310.90","2315.43","2288.01","358187171","5390488672546","1533312914002780"
"2018/09/04","2315.72","8.69","0.38","2308.96","2317.74","2302.17","277014039","4551220959913","1549614964045074"
"2018/09/03","2307.03","-15.85","-0.68","2317.93","2318.72","2302.17","230513226","4096555310237","1543779721299269"
"2018/08/31","2322.88","15.53","0.67","2298.13","2322.88","2295.72","255908832","5525835420504","1554873150915856"
"2018/08/30","2307.35","-1.68","-0.07","2313.11","2320.85","2305.46","286926328","5252383391374","1544327569839559"
"2018/08/29","2309.03","5.91","0.26","2304.66","2309.88","2300.21","268214663","4807772689423","1545071113164630"
"2018/08/28","2303.12","3.82","0.17","2312.14","2314.60","2299.45","276889044","5503107308117","1540990367787281"
"2018/08/27","2299.30","6.09","0.27","2297.32","2302.87","2289.41","307044931","5766323251561","1538348009819780"
"2018/08/24","2293.21","10.61","0.46","2276.16","2295.22","2271.35","347291597","5136917947450","1534269101931912"
"2018/08/23","2282.60","9.27","0.41","2282.57","2282.88","2268.06","338386224","5238289843965","1527487740875470"
"2018/08/22","2273.33","3.27","0.14","2273.68","2280.31","2268.91","269270912","5425019391021","1521284193501082"
"2018/08/21","2270.06","22.18","0.99","2248.04","2272.86","2244.59","294337213","5182953755161","1518199753227447"
"2018/08/20","2247.88","0.83","0.04","2257.35","2264.42","2245.06","271600351","4418976884905","1502923724234727"
"2018/08/17","2247.05","6.25","0.28","2244.61","2250.92","2240.14","238377527","4645284152168","1502273893640325"
"2018/08/16","2240.80","-18.11","-0.80","2233.05","2244.08","2218.09","312519375","6021648650166","1497924103769965"
"2018/08/14","2258.91","10.46","0.47","2249.86","2262.52","2247.37","255216014","4872038898111","1510814983062929"
"2018/08/13","2248.45","-34.34","-1.50","2266.43","2271.82","2238.55","335380511","5950055509959","1503939154352444"
"2018/08/10","2282.79","-20.92","-0.91","2295.21","2295.62","2277.89","286161078","6186206254325","1526683423245996"
"2018/08/09","2303.71","2.26","0.10","2303.04","2303.71","2291.91","244882986","5985859284788","1541180722770705"
"2018/08/08","2301.45","1.29","0.06","2305.73","2308.60","2298.41","299691489","5518133744814","1540110623764887"
"2018/08/07","2300.16","13.66","0.60","2290.85","2301.27","2279.55","230339675","4748559015112","1538743025266743"
"2018/08/06","2286.50","-1.18","-0.05","2288.51","2300.38","2283.26","244548774","4607350821441","1529611886744554"
"2018/08/03","2287.68","17.48","0.77","2278.33","2288.93","2272.94","270494062","4312568032947","1531545566171179"
"2018/08/02","2270.20","-36.87","-1.60","2304.14","2306.72","2265.46","352056565","5042803042239","1519901925772783"
"2018/08/01","2307.07","11.81","0.51","2301.17","2312.65","2301.13","219034945","4832858786781","1544459954630534"
"2018/07/31","2295.26","1.75","0.08","2292.23","2296.60","2286.02","223927490","4878429087333","1536034531292007"
"2018/07/30","2293.51","-1.48","-0.06","2290.18","2296.91","2283.29","206497608","4552317501764","1534963942393224"
"2018/07/27","2294.99","5.93","0.26","2292.33","2295.27","2284.44","262143886","5091586506669","1535382663209649"
"2018/07/26","2289.06","16.03","0.71","2284.51","2297.16","2276.54","303334181","6357106063496","1530914783783147"
"2018/07/25","2273.03","-7.17","-0.31","2284.38","2292.61","2269.67","309319890","6142619801742","1520152854352159"
"2018/07/24","2280.20","10.89","0.48","2273.15","2284.43","2263.13","436133079","5831914348041","1525094802386671"
"2018/07/23","2269.31","-19.88","-0.87","2289.61","2289.61","2264.42","334290969","5549481739595","1517777198303028"
"2018/07/20","2289.19","6.90","0.30","2281.36","2293.34","2269.55","353236050","4910685111632","1531651201045245"
"2018/07/19","2282.29","-7.82","-0.34","2298.91","2300.18","2278.94","464516252","5431161926643","1526048346516196"
"2018/07/18","2290.11","-7.81","-0.34","2313.78","2319.39","2287.10","402771770","5032249001766","1531112599552728"
"2018/07/17","2297.92","-4.07","-0.18","2302.95","2306.07","2290.24","379033611","4897898599332","1535441962423983"
"2018/07/16","2301.99","-8.91","-0.39","2312.26","2317.84","2299.79","297122349","4968950237698","1538124413558617"
"2018/07/13","2310.90","25.84","1.13","2293.07","2313.80","2293.07","291562667","6500717751063","1543892667554058"
"2018/07/12","2285.06","4.44","0.19","2285.93","2298.56","2277.73","364407858","6157666591795","1527075839846068"
"2018/07/11","2280.62","-13.54","-0.59","2277.22","2287.08","2262.77","422988851","5700944882684","1524675252177269"
"2018/07/10","2294.16","8.36","0.37","2299.09","2305.84","2292.13","339918901","5038809435862","1533821000789050"
"2018/07/09","2285.80","12.93","0.57","2276.92","2294.61","2267.25","352638929","5796356280980","1527555839535755"
"2018/07/06","2272.87","15.32","0.68","2261.44","2283.75","2247.35","344433123","6358357730172","1519066699871086"
"2018/07/05","2257.55","-7.91","-0.35","2264.74","2274.74","2243.90","346883778","5166569348330","1509639741725747"
"2018/07/04","2265.46","-7.30","-0.32","2270.95","2280.81","2261.34","315103306","4880994735621","1514392988362243"
"2018/07/03","2272.76","1.22","0.05","2285.88","2287.39","2252.36","366027823","6002085994344","1519169824625884"
"2018/07/02","2271.54","-54.59","-2.35","2322.23","2327.59","2271.53","393265550","5990017994764","1518812068344080"
"2018/06/29","2326.13","11.89","0.51","2325.68","2329.58","2296.39","396663082","6309713787707","1554717340201656"
"2018/06/28","2314.24","-27.79","-1.19","2327.37","2335.35","2310.80","414370866","5775389710209","1546538948168522"
"2018/06/27","2342.03","-8.89","-0.38","2349.38","2358.71","2342.02","526625486","7007325574263","1565467894651365"
"2018/06/26","2350.92","-6.96","-0.30","2334.75","2358.01","2326.61","470914793","6536279135044","1570771913189247"
"2018/06/25","2357.88","0.66","0.03","2351.89","2361.39","2337.22","415079870","5683866549181","1574954887819521"
"2018/06/22","2357.22","19.39","0.83","2323.08","2357.40","2320.76","537263746","6604291499715","1574319860953845"
"2018/06/21","2337.83","-26.08","-1.10","2364.16","2370.58","2337.83","438264363","6784646709490","1561394173099944"
"2018/06/20","2363.91","23.80","1.02","2350.24","2374.52","2345.22","456004074","6986902497157","1578520493724815"
"2018/06/19","2340.11","-36.13","-1.52","2373.12","2379.49","2336.54","606304628","7994621350176","1562923311433431"
"2018/06/18","2376.24","-27.80","-1.16","2404.68","2405.56","2365.31","564818841","8593501001267","1586801749119891"
"2018/06/15","2404.04","-19.44","-0.80","2432.18","2433.51","2403.97","502361838","9089895205666","1605379381109644"
"2018/06/14","2423.48","-45.35","-1.84","2450.86","2451.95","2422.37","533448320","9754343520888","1619121449513249"
"2018/06/12","2468.83","-1.32","-0.05","2474.78","2479.56","2462.84","613166240","9615203781779","1648939547812385"
"2018/06/11","2470.15","18.57","0.76","2454.25","2470.99","2448.00","427946746","7025547266507","1649425579196393"
"2018/06/08","2451.58","-19.00","-0.77","2467.88","2468.27","2449.11","530159889","7672721697043","1638226630715350"
"2018/06/07","2470.58","16.82","0.69","2468.26","2478.67","2466.01","474146882","8060721107129","1650987317033513"
"2018/06/05","2453.76","6.00","0.25","2450.39","2455.78","2432.81","501363826","7344810795781","1640471133370132"
"2018/06/04","2447.76","8.80","0.36","2444.62","2452.67","2441.25","438929359","7770704632833","1636442670028652"
"2018/06/01","2438.96","15.95","0.66","2419.63","2445.31","2418.11","603023355","8767489007152","1630337822509993"
"2018/05/31","2423.01","13.98","0.58","2428.83","2430.15","2415.50","816930187","13252142027981","1619387832448622"
"2018/05/30","2409.03","-48.22","-1.96","2446.81","2449.88","2399.58","575922403","8999465924926","1609052659039962"
"2018/05/29","2457.25","-21.71","-0.88","2476.70","2479.68","2457.18","571836895","8532893830676","1641963442318272"
"2018/05/28","2478.96","18.16","0.74","2465.00","2482.40","2463.14","708362383","9841222237932","1656584844176667"
"2018/05/25","2460.80","-5.21","-0.21","2452.80","2466.57","2444.77","653592136","9078584311826","1645067821831900"
"2018/05/24","2466.01","-5.90","-0.24","2477.48","2481.31","2457.84","638125950","6766220453952","1647251127098773"
"2018/05/23","2471.91","6.34","0.26","2462.98","2476.86","2460.07","752675599","9262008770745","1651604786247934"
"2018/05/21","2465.57","4.92","0.20","2464.07","2472.30","2447.69","588088192","6298421053170","1646798798616211"
"2018/05/18","2460.65","12.20","0.50","2459.73","2461.95","2452.34","431376689","6463038548404","1643541494279841"
"2018/05/17","2448.45","-11.37","-0.46","2468.72","2472.82","2448.43","596771754","8190532097732","1634548231145054"
"2018/05/16","2459.82","1.28","0.05","2446.64","2465.55","2444.67","691813391","9817111137756","1642766226475866"
"2018/05/15","2458.54","-17.57","-0.71","2476.87","2480.22","2456.20","712619903","9446302233976","1641597148622869"
"2018/05/14","2476.11","-1.60","-0.06","2482.97","2486.17","2471.91","650707583","9563127368510","1654107231070333"
"2018/05/11","2477.71","13.55","0.55","2469.30","2483.85","2468.41","599900764","7588728929001","1655512770777994"
"2018/05/10","2464.16","20.18","0.83","2458.67","2464.72","2448.01","490004983","8870446383563","1646413172538834"
"2018/05/09","2443.98","-5.83","-0.24","2450.71","2451.86","2428.79","593365934","9069419048307","1633304235911807"
"2018/05/08","2449.81","-11.57","-0.47","2468.45","2479.75","2444.08","714734325","9630702860810","1638340178049862"
"2018/05/04","2461.38","-25.87","-1.04","2486.47","2487.77","2461.38","612024164","10816535475626","1645196661327540"
"2018/05/03","2487.25","-18.36","-0.73","2506.94","2507.91","2487.25","614102408","7866074431575","1661556510448960"
"2018/05/02","2505.61","-9.77","-0.39","2515.75","2516.57","2501.71","807588696","11712287148051","1673457322099731"
"2018/04/30","2515.38","22.98","0.92","2502.29","2515.38","2500.22","746291866","9460289371735","1680104341308118"
"2018/04/27","2492.40","16.76","0.68","2497.75","2508.13","2484.19","464957970","8299222866503","1664373650696992"
"2018/04/26","2475.64","26.83","1.10","2460.62","2484.09","2456.20","520917204","7921705274576","1653073966859293"
"2018/04/25","2448.81","-15.33","-0.62","2444.19","2453.54","2436.51","466095694","7527931028887","1634741766182717"
"2018/04/24","2464.14","-9.97","-0.40","2478.47","2479.32","2454.44","524280424","8300865934566","1644743510628773"
"2018/04/23","2474.11","-2.22","-0.09","2473.70","2478.57","2466.57","701423406","9372647655556","1651720966246060"
"2018/04/20","2476.33","-9.77","-0.39","2478.59","2485.15","2472.37","531718615","7841558042438","1653175538872689"
"2018/04/19","2486.10","6.12","0.25","2483.26","2490.57","2476.51","727030551","10118365584098","1660195914143812"
"2018/04/18","2479.98","26.21","1.07","2467.55","2486.73","2467.55","647285560","8204323390107","1655299463820137"
"2018/04/17","2453.77","-3.72","-0.15","2459.39","2465.63","2449.08","394700566","6360648307538","1636624620529463"
"2018/04/16","2457.49","2.42","0.10","2466.04","2466.16","2449.97","347173891","6220737037163","1638625626150778"
"2018/04/13","2455.07","12.36","0.51","2449.42","2457.85","2442.35","395886275","6923900430202","1636609095887849"
"2018/04/12","2442.71","-1.51","-0.06","2450.95","2454.95","2441.58","441568798","8152884929722","1626103066814739"
"2018/04/11","2444.22","-6.52","-0.27","2456.53","2458.99","2441.20","355187841","7468123411686","1626689363107901"
"2018/04/10","2450.74","6.66","0.27","2439.94","2454.36","2419.55","356390247","7520110243184","1631061461581974"
"2018/04/09","2444.08","14.50","0.60","2424.15","2446.28","2424.15","334424856","6607392483482","1626997763123581"
"2018/04/06","2429.58","-7.94","-0.33","2420.88","2433.97","2417.24","454309390","7301080603762","1617425107083266"
"2018/04/05","2437.52","29.46","1.22","2426.92","2446.78","2420.92","591042776","7566951644330","1622983873221529"
"2018/04/04","2408.06","-34.37","-1.41","2447.97","2447.97","2405.91","551703792","8092053728669","1602618531596691"
"2018/04/03","2442.43","-1.73","-0.07","2422.26","2442.43","2416.44","497140700","7950088373987","1625310856362044"
"2018/04/02","2444.16","-1.69","-0.07","2454.72","2467.52","2440.89","390319364","6841687754496","1626392939769494"
"2018/03/30","2445.85","9.48","0.39","2454.10","2458.24","2445.72","395329333","6434444751664","1627646951097347"
"2018/03/29","2436.37","17.08","0.71","2421.70","2439.47","2413.71","333359418","7256777131644","1621052949774626"
"2018/03/28","2419.29","-32.77","-1.34","2425.94","2430.77","2409.47","501307087","7761054046551","1610067602397524"
"2018/03/27","2452.06","14.98","0.61","2455.00","2456.55","2444.92","332128629","6305554223861","1631743152187368"
"2018/03/26","2437.08","20.32","0.84","2414.68","2437.08","2399.44","306904047","5928635174731","1620507612243551"
"2018/03/23","2416.76","-79.26","-3.18","2446.73","2450.40","2412.62","457952885","7931474005661","1606035961362604"
"2018/03/22","2496.02","11.05","0.44","2494.84","2508.71","2485.34","482138402","7178799207568","1658523131745911"
"2018/03/21","2484.97","-0.55","-0.02","2488.22","2492.88","2483.78","399073627","5925541828231","1650337890011040"
"2018/03/20","2485.52","10.49","0.42","2456.80","2485.52","2456.80","291495677","5384113953235","1650420083849268"
"2018/03/19","2475.03","-18.94","-0.76","2491.99","2493.56","2470.91","477219243","5994568990918","1644237392926035"
"2018/03/16","2493.97","1.59","0.06","2495.11","2497.80","2476.88","377766164","6566428705337","1656858023362981"
"2018/03/15","2492.38","6.30","0.25","2486.00","2496.51","2471.04","344009541","6065884278852","1656176341047252"
"2018/03/14","2486.08","-8.41","-0.34","2477.43","2486.98","2474.77","360865629","6379749607517","1652629050198838"
"2018/03/13","2494.49","10.37","0.42","2483.05","2494.49","2478.76","350203303","7828709039614","1657712132525991"
"2018/03/12","2484.12","24.67","1.00","2485.64","2489.46","2474.91","391303828","6570618360609","1649789282909638"
"2018/03/09","2459.45","26.37","1.08","2443.43","2476.43","2436.03","437265049","8573691173426","1633438701140137"
"2018/03/08","2433.08","31.26","1.30","2420.67","2433.08","2407.59","394848837","9053040319812","1614933613693764"
"2018/03/07","2401.82","-9.59","-0.40","2413.39","2429.43","2395.24","412971976","8956678689024","1594937953645217"
"2018/03/06","2411.41","36.35","1.53","2400.67","2413.01","2392.87","400110606","6598571319382","1600329702863531"
"2018/03/05","2375.06","-27.10","-1.13","2405.92","2407.98","2374.80","312254166","5785012821697","1575913633409285"
"2018/03/02","2402.16","-25.20","-1.04","2406.57","2410.34","2387.25","320397214","6077888427411","1593948106214368"
"2018/02/28","2427.36","-28.78","-1.17","2447.11","2460.12","2426.21","367556992","7168378397321","1611555217440049"
"2018/02/27","2456.14","-1.51","-0.06","2474.08","2480.79","2456.14","271231732","5674164168373","1629406359657681"
"2018/02/26","2457.65","6.13","0.25","2465.35","2466.08","2447.86","321259942","5606026686918","1630210235664343"
"2018/02/23","2451.52","37.24","1.54","2427.13","2451.52","2427.13","300578392","5387096363913","1626053757217473"
"2018/02/22","2414.28","-15.37","-0.63","2417.18","2422.62","2405.23","349492766","4982023714638","1602148941100045"
"2018/02/21","2429.65","14.53","0.60","2417.73","2432.45","2404.02","432275482","6074260982996","1612751528318363"
"2018/02/20","2415.12","-27.70","-1.13","2433.35","2438.48","2411.23","421485575","5146648554123","1603559124107592"
"2018/02/19","2442.82","20.99","0.87","2452.52","2455.12","2428.15","322137444","5843436838599","1621617423724698"
"2018/02/14","2421.83","26.64","1.11","2412.47","2426.63","2408.02","305739307","5970263260786","1607999332677788"
"2018/02/13","2395.19","9.81","0.41","2402.89","2421.80","2388.54","423415702","7333093361490","1589989717563195"
"2018/02/12","2385.38","21.61","0.91","2380.49","2397.90","2367.31","352288396","6631083611178","1581810883666255"
"2018/02/09","2363.77","-43.85","-1.82","2346.73","2372.90","2346.73","489112012","8524086490331","1567308138862405"
"2018/02/08","2407.62","11.06","0.46","2400.17","2423.88","2393.46","362415715","7275110328522","1563754336073031"
"2018/02/07","2396.56","-56.75","-2.31","2483.72","2484.18","2396.56","460075034","8369362461175","1558072990513737"
"2018/02/06","2453.31","-38.44","-1.54","2437.02","2460.28","2409.38","582836967","9566550780902","1595275241964516"
"2018/02/05","2491.75","-33.64","-1.33","2487.34","2503.99","2476.24","442349802","8096051108853","1620158999308614"
"2018/02/02","2525.39","-43.15","-1.68","2565.99","2565.99","2519.60","481817771","8260733147352","1641386345850764"
"2018/02/01","2568.54","2.08","0.08","2578.91","2583.74","2564.59","595147219","8053098628981","1670143714819334"
"2018/01/31","2566.46","-1.28","-0.05","2557.37","2597.14","2553.01","403051379","10842647300529","1668579804446713"
"2018/01/30","2567.74","-30.45","-1.17","2590.41","2599.17","2567.07","397038667","7877966009199","1668674846117706"
"2018/01/29","2598.19","23.43","0.91","2588.87","2607.10","2587.55","437474733","7908139065694","1688814425714740"
"2018/01/26","2574.76","12.53","0.49","2560.69","2574.76","2553.53","400648704","7673559139308","1673359183533335"
"2018/01/25","2562.23","24.23","0.95","2536.96","2564.43","2536.73","514605010","7867501171189","1665284071087011"
"2018/01/24","2538.00","1.40","0.06","2533.86","2547.22","2531.31","371087271","6764738182069","1649315305139719"
"2018/01/23","2536.60","34.49","1.38","2510.35","2536.60","2507.96","370007847","6838404249758","1648667380287201"
"2018/01/22","2502.11","-18.15","-0.72","2516.90","2517.12","2488.44","342994024","6385331485527","1626287540675022"
"2018/01/19","2520.26","4.45","0.18","2519.67","2524.33","2513.09","351845047","6263000889905","1637786602548241"
"2018/01/18","2515.81","0.38","0.02","2527.67","2532.08","2512.69","333112031","6447655644566","1635724489304135"
"2018/01/17","2515.43","-6.31","-0.25","2517.19","2521.97","2506.49","336712525","6325747268741","1634771858627720"
"2018/01/16","2521.74","18.01","0.72","2504.16","2524.55","2498.55","341606608","6913692888279","1639188169775360"
"2018/01/15","2503.73","7.31","0.29","2510.97","2513.30","2496.18","404550878","6118634777651","1626574287749373"
"2018/01/12","2496.42","8.51","0.34","2499.87","2500.87","2482.15","438775501","8772175387868","1621717048649402"
"2018/01/11","2487.91","-11.84","-0.47","2496.86","2502.52","2483.82","444340157","7789310921248","1616665407672775"
"2018/01/10","2499.75","-10.48","-0.42","2516.33","2516.82","2493.98","444022038","8577963205899","1624057751825978"
"2018/01/09","2510.23","-3.05","-0.12","2510.73","2524.73","2498.41","374322741","7345518522444","1632067011137727"
"2018/01/08","2513.28","15.76","0.63","2510.70","2515.37","2494.18","311429324","6404885697956","1634777680824259"
"2018/01/05","2497.52","31.06","1.26","2476.85","2497.52","2475.51","308769669","6317518427311","1624970533116195"
"2018/01/04","2466.46","-19.89","-0.80","2502.50","2502.50","2466.45","333836328","6896287056563","1604916139690676"
"2018/01/03","2486.35","6.70","0.27","2484.63","2493.40","2481.91","331094681","6019622040484","1617634317727445"
"2018/01/02","2479.65","12.16","0.49","2474.86","2481.02","2465.94","262205431","4786386686165","1613508196692261"